<?xml version = "1.0" encoding = "utf-8"?>
<!DOCTYPE hibernate-configuration SYSTEM 
"http://www.hibernate.org/dtd/hibernate-configuration-3.0.dtd">
<hibernate-configuration>
   <session-factory>
   
      <property name = "hibernate.dialect">
         org.hibernate.dialect.MySQLDialect
      </property>
      
      <property name = "hibernate.connection.driver_class">
         com.mysql.jdbc.Driver
      </property>
      
      <!-- Assume test is the database name -->
      
      <property name="hibernate.hbm2ddl.auto">update</property>
      <property name="hibernate.hbm2ddl.auto">create</property>
      
      <!-- SQL dialect -->
    <property name="hibernate.dialect">org.hibernate.dialect.MySQL5Dialect</property>
      
      <property name = "hibernate.connection.url">
         jdbc:mysql://localhost:3306/dth
      </property>
      
      <property name = "hibernate.connection.username">
         charanteja
      </property>
      
      <property name = "hibernate.connection.password">
         mindtree@123
      </property>
      
      <!-- List of XML mapping files -->
      <mapping resource = "Employee.hbm.xml"/>
      
   </session-factory>
</hibernate-configuration>